model_name	asa	resolution	halide	id	atom_name	residue_aa	distance	angle	4	5
3KFI	34.82	1.42	CL	5604	O	THR	3.938	52.042	PROTEIN	A
3KFI	34.82	1.42	CL	5604	N	ASN	4.951	41.447	PROTEIN	A
3KFI	34.82	1.42	CL	5604	OD1	ASN	3.856	52.501	PROTEIN	A
3KFI	34.82	1.42	CL	5604	N	ARG	3.285	-1.000	PROTEIN	A
3KFI	34.82	1.42	CL	5604	N	CYS	3.831	43.791	PROTEIN	A
3KFI	34.82	1.42	CL	5604	N	LEU	3.726	82.670	PROTEIN	A
3KFI	91.11	1.42	CL	1584	ND1	HIS	4.215	-1.000	PROTEIN	A
4BWC	54.36	1.89	CL	6704	O	ARG	4.164	-1.000	PROTEIN	B
4BWC	54.36	1.89	CL	6704	N	GLY	4.873	27.527	PROTEIN	B
4XY8	52.87	1.7	BR	3646	OH	TYR	3.803	-1.000	PROTEIN	A
4HIB	1.57	1.8	CL	4198	O	ARG	4.660	167.928	PROTEIN	A
4HIB	1.57	1.8	CL	4198	N	HIS	4.389	135.404	PROTEIN	A
4HIB	1.57	1.8	CL	4198	O	SER	3.008	77.648	PROTEIN	A
4HIB	1.57	1.8	CL	4198	OG	SER	4.873	93.401	PROTEIN	A
4HIB	1.57	1.8	CL	4198	O	VAL	2.887	-1.000	PROTEIN	A
4HIB	1.57	1.8	CL	4198	N	VAL	4.466	25.862	PROTEIN	A
4HIB	1.57	1.8	CL	4198	O	GLU	4.872	110.557	PROTEIN	A
4HIB	22.32	1.8	CL	8718	OG	SER	4.233	151.547	PROTEIN	A
4HIB	22.32	1.8	CL	8718	N	GLY	3.943	101.926	PROTEIN	A
4HIB	22.32	1.8	CL	8718	NZ	LYS	4.829	138.411	PROTEIN	A
4HIB	22.32	1.8	CL	8718	O	THR	4.864	98.210	PROTEIN	B
4HIB	22.32	1.8	CL	8718	O	LEU	4.632	29.108	PROTEIN	B
4HIB	22.32	1.8	CL	8718	N	GLY	3.859	-1.000	PROTEIN	B
4UTG	2.70	1.93	CL	1514	O	GLY	4.191	152.732	PROTEIN	A
4UTG	2.70	1.93	CL	1514	N	LEU	4.298	124.118	PROTEIN	A
4UTG	2.70	1.93	CL	1514	O	LEU	4.514	122.804	PROTEIN	A
4UTG	2.70	1.93	CL	1514	N	ALA	3.564	100.785	PROTEIN	A
4UTG	2.70	1.93	CL	1514	O	ALA	3.730	59.120	PROTEIN	A
4UTG	2.70	1.93	CL	1514	N	GLY	3.627	47.979	PROTEIN	A
4UTG	2.70	1.93	CL	1514	N	GLY	3.082	-1.000	PROTEIN	A
4UTG	2.70	1.93	CL	1514	O	GLY	4.630	36.032	PROTEIN	A
4UTG	2.70	1.93	CL	1514	NZ	LYS	4.089	87.229	PROTEIN	A
4UTG	2.70	1.93	CL	1514	NZ	LYS	3.094	163.464	PROTEIN	A
4UTG	2.70	1.93	CL	1514	O	SER	4.479	130.538	PROTEIN	A
4UTG	2.97	1.93	CL	6286	NH1	ARG	4.890	59.237	PROTEIN	A
4UTG	2.97	1.93	CL	6286	NH2	ARG	4.666	80.095	PROTEIN	A
4UTG	2.97	1.93	CL	6286	N	GLY	4.647	53.340	PROTEIN	A
4UTG	2.97	1.93	CL	6286	O	GLY	4.750	54.217	PROTEIN	A
4UTG	2.97	1.93	CL	6286	N	GLY	4.549	143.745	PROTEIN	A
4UTG	2.97	1.93	CL	6286	OE1	GLN	4.558	115.148	PROTEIN	A
4UTG	2.97	1.93	CL	6286	NE2	GLN	3.187	134.499	PROTEIN	A
4UTG	2.97	1.93	CL	6286	NZ	LYS	4.068	91.209	PROTEIN	A
4UTG	2.97	1.93	CL	6286	NZ	LYS	4.468	58.539	PROTEIN	A
4UTG	2.97	1.93	CL	6286	O	SER	2.677	-1.000	PROTEIN	A
4UTG	2.97	1.93	CL	6286	N	GLY	4.308	26.259	PROTEIN	A
4UTG	2.97	1.93	CL	6286	O	GLY	3.632	61.033	PROTEIN	A
4UTG	2.97	1.93	CL	6286	N	ALA	4.720	73.085	PROTEIN	A
5ACI	40.27	1.75	CL	4670	O	THR	4.014	104.199	PROTEIN	A
5ACI	40.27	1.75	CL	4670	N	ALA	4.014	89.634	PROTEIN	A
5ACI	40.27	1.75	CL	4670	O	ILE	4.895	73.240	PROTEIN	A
5ACI	40.27	1.75	CL	4670	N	ALA	4.835	46.833	PROTEIN	A
5ACI	40.27	1.75	CL	4670	N	GLN	3.251	-1.000	PROTEIN	A
5ACI	30.65	1.75	CL	3200	ND1	HIS	3.120	-1.000	PROTEIN	A
5ACI	30.65	1.75	CL	3200	NE2	HIS	4.693	21.771	PROTEIN	A
5ACI	30.65	1.75	CL	3200	O	SER	4.626	109.229	PROTEIN	A
5ACI	30.65	1.75	CL	3200	N	SER	4.453	116.574	PROTEIN	A
5ACI	30.65	1.75	CL	3200	OG	SER	4.521	69.869	PROTEIN	A
5ACI	30.65	1.75	CL	3200	N	ASP	3.203	96.977	PROTEIN	A
5ACI	30.65	1.75	CL	3200	OD1	ASP	3.781	60.042	PROTEIN	A
5ACI	30.65	1.75	CL	3200	OD2	ASP	3.824	73.866	PROTEIN	A
5ACI	39.90	1.75	CL	4110	O	LEU	4.294	62.963	PROTEIN	A
5ACI	39.90	1.75	CL	4110	N	THR	4.680	90.962	PROTEIN	A
5ACI	39.90	1.75	CL	4110	O	THR	4.595	99.464	PROTEIN	A
5ACI	39.90	1.75	CL	4110	O	PRO	4.517	30.270	PROTEIN	A
5ACI	39.90	1.75	CL	4110	N	GLY	3.721	-1.000	PROTEIN	A
5ACI	39.90	1.75	CL	4110	O	GLY	4.911	45.235	PROTEIN	A
5MFT	0.75	1.59	CL	13480	N	ASP	3.283	-1.000	PROTEIN	A
5MFT	0.75	1.59	CL	13480	OD1	ASP	4.085	49.051	PROTEIN	A
5MFT	0.75	1.59	CL	13480	OD2	ASP	3.977	69.731	PROTEIN	A
5MFT	0.75	1.59	CL	13480	ND2	ASN	3.682	72.097	PROTEIN	A
5MFT	0.75	1.59	CL	13480	O	ALA	3.603	91.850	PROTEIN	A
5MFT	0.75	1.59	CL	13480	N	VAL	4.936	116.523	PROTEIN	A
5MFT	0.75	1.59	CL	13480	OD1	ASP	4.271	137.828	PROTEIN	A
5MFT	0.75	1.59	CL	13480	OG	SER	3.554	162.899	PROTEIN	A
5MFT	46.30	1.59	CL	3648	N	ALA	3.347	50.707	PROTEIN	A
5MFT	46.30	1.59	CL	3648	N	GLN	3.328	-1.000	PROTEIN	A
5MFT	46.30	1.59	CL	3648	N	LYS	4.940	33.209	PROTEIN	A
5LUK	35.75	1.45	CL	4866	NE	ARG	4.522	66.176	PROTEIN	A
5LUK	35.75	1.45	CL	4866	NH1	ARG	3.309	62.509	PROTEIN	A
5LUK	35.75	1.45	CL	4866	OD1	ASN	4.117	77.683	PROTEIN	A
5LUK	35.75	1.45	CL	4866	ND2	ASN	3.290	106.395	PROTEIN	A
5LUK	35.75	1.45	CL	4866	NH1	ARG	3.249	-1.000	PROTEIN	A
5LUK	35.75	1.45	CL	4866	NH1	ARG	4.992	57.719	PROTEIN	A
5LUK	35.75	1.45	CL	4866	NH2	ARG	3.805	37.026	PROTEIN	A
5LUK	35.75	1.45	CL	4866	NH2	ARG	3.582	35.503	PROTEIN	A
5U8Z	21.26	1.9	CL	3442	NE	ARG	3.902	35.890	PROTEIN	A
5U8Z	21.26	1.9	CL	3442	NH2	ARG	3.196	-1.000	PROTEIN	A
5U8Z	21.26	1.9	CL	3442	NE	ARG	4.542	51.117	PROTEIN	A
5U8Z	21.26	1.9	CL	3442	N	THR	3.215	122.790	PROTEIN	A
5U8Z	21.26	1.9	CL	3442	O	THR	3.777	170.631	PROTEIN	A
5U8Z	21.26	1.9	CL	3442	OG1	THR	4.367	109.970	PROTEIN	A
6NXC	22.06	1.74	CL	16510	O	HIS	4.236	95.099	PROTEIN	A
6NXC	22.06	1.74	CL	16510	ND1	HIS	4.616	35.234	PROTEIN	A
6NXC	22.06	1.74	CL	16510	N	ALA	3.617	84.525	PROTEIN	A
6NXC	22.06	1.74	CL	16510	N	ASP	3.247	131.542	PROTEIN	A
6NXC	22.06	1.74	CL	16510	O	ASP	4.933	160.695	PROTEIN	A
6NXC	22.06	1.74	CL	16510	OD2	ASP	4.390	130.076	PROTEIN	A
6NXC	22.06	1.74	CL	16510	N	GLY	3.754	135.637	PROTEIN	A
6NXC	22.06	1.74	CL	16510	O	SER	3.863	54.231	PROTEIN	C
6NXC	22.06	1.74	CL	16510	OG	SER	2.973	-1.000	PROTEIN	C
6NXC	22.06	1.74	CL	16510	N	GLY	3.741	62.781	PROTEIN	C
6NXC	10.62	1.74	CL	5176	N	ASN	3.300	98.336	PROTEIN	A
6NXC	10.62	1.74	CL	5176	OD1	ASN	4.314	64.045	PROTEIN	A
6NXC	10.62	1.74	CL	5176	N	LEU	4.706	92.614	PROTEIN	A
6NXC	10.62	1.74	CL	5176	O	PRO	4.437	70.953	PROTEIN	A
6NXC	10.62	1.74	CL	5176	N	HIS	4.811	42.878	PROTEIN	A
6NXC	10.62	1.74	CL	5176	N	GLY	3.218	-1.000	PROTEIN	A
6NXC	10.62	1.74	CL	5176	O	GLY	4.616	37.038	PROTEIN	A
6NXC	10.62	1.74	CL	5176	NE	ARG	4.251	161.008	PROTEIN	A
6NXC	10.62	1.74	CL	5176	NH1	ARG	4.419	133.798	PROTEIN	A
6NXC	0.00	1.74	CL	7344	O	GLN	4.173	54.370	PROTEIN	B
6NXC	0.00	1.74	CL	7344	N	LYS	4.862	46.140	PROTEIN	B
6NXC	0.00	1.74	CL	7344	N	LYS	3.251	-1.000	PROTEIN	B
6NXC	0.00	1.74	CL	7344	O	LYS	4.589	34.955	PROTEIN	B
6NXC	0.00	1.74	CL	7344	NZ	LYS	4.868	68.665	PROTEIN	B
6NXC	0.00	1.74	CL	7344	O	GLU	4.790	159.206	PROTEIN	B
6NXC	0.00	1.74	CL	7344	O	MET	4.277	106.790	PROTEIN	B
6NXC	0.00	1.74	CL	7344	N	PRO	3.850	108.471	PROTEIN	B
2WSL	14.42	2.0	F	8842	OG	SER	2.164	-1.000	PROTEIN	A
2WSL	14.42	2.0	F	8842	NE	ARG	3.478	83.845	PROTEIN	A
2WSL	14.42	2.0	F	8842	NH1	ARG	3.533	112.961	PROTEIN	A
2WSL	14.42	2.0	F	8842	OG	SER	4.355	95.380	PROTEIN	A
2WSL	14.42	2.0	F	8842	OG1	THR	3.984	153.821	PROTEIN	A
3SSV	0.59	1.86	F	2974	N	GLN	4.606	77.782	PROTEIN	A
3SSV	0.59	1.86	F	2974	OE1	GLN	4.721	14.868	PROTEIN	A
3SSV	0.59	1.86	F	2974	NE2	GLN	2.686	-1.000	PROTEIN	A
3SSV	0.59	1.86	F	2974	OH	TYR	4.089	114.614	PROTEIN	A
3SSV	0.59	1.86	F	2974	OE1	GLN	4.879	112.905	PROTEIN	A
3SSV	0.59	1.86	F	2974	NE2	GLN	2.930	97.069	PROTEIN	A
3SSV	0.59	1.86	F	2974	OE1	GLN	4.939	57.043	PROTEIN	A
3SSV	0.59	1.86	F	2974	NE2	GLN	3.201	61.260	PROTEIN	A
3SSV	0.59	1.86	F	2974	OD1	ASN	3.882	94.326	PROTEIN	A
3SSV	0.59	1.86	F	2974	ND2	ASN	2.730	120.039	PROTEIN	A
4Q3K	13.71	1.57	F	4794	N	GLY	3.284	130.566	PROTEIN	A
4Q3K	13.71	1.57	F	4794	O	GLY	4.889	175.140	PROTEIN	A
4Q3K	13.71	1.57	F	4794	N	GLY	2.805	171.278	PROTEIN	A
4Q3K	13.71	1.57	F	4794	O	PHE	4.827	66.012	PROTEIN	A
4Q3K	13.71	1.57	F	4794	OG	SER	2.516	-1.000	PROTEIN	A
4Q3K	13.71	1.57	F	4794	N	ALA	3.156	67.139	PROTEIN	A
4Q3K	13.71	1.57	F	4794	NE2	HIS	4.733	34.750	PROTEIN	A
4X30	22.41	1.55	F	11830	O	ALA	3.518	117.310	PROTEIN	A
4X30	22.41	1.55	F	11830	O	GLU	2.823	-1.000	PROTEIN	A
4X30	22.41	1.55	F	11830	OE1	GLU	4.558	81.995	PROTEIN	A
4X30	22.41	1.55	F	11830	N	LEU	4.918	12.942	PROTEIN	A
5XD5	0.00	1.75	F	2756	O	LYS	2.967	62.975	PROTEIN	B
5XD5	0.00	1.75	F	2756	N	GLY	4.009	86.380	PROTEIN	B
5XD5	0.00	1.75	F	2756	N	LYS	4.521	133.486	PROTEIN	B
5XD5	0.00	1.75	F	2756	OE1	GLU	2.961	64.227	PROTEIN	B
5XD5	0.00	1.75	F	2756	OE2	GLU	3.756	99.299	PROTEIN	B
5XD5	0.00	1.75	F	2756	OE1	GLU	4.551	14.325	PROTEIN	B
5XD5	0.00	1.75	F	2756	OE2	GLU	2.496	-1.000	PROTEIN	B
5XD5	0.00	1.75	F	2756	OE1	GLU	2.836	63.134	PROTEIN	B
5XD5	0.00	1.75	F	2756	OE2	GLU	2.809	66.104	PROTEIN	B
5XD5	2.11	1.75	F	3412	N	LYS	4.972	126.594	PROTEIN	B
5XD5	2.11	1.75	F	3412	OE1	GLU	3.061	86.131	PROTEIN	B
5XD5	2.11	1.75	F	3412	OE2	GLU	3.052	127.411	PROTEIN	B
5XD5	2.11	1.75	F	3412	OE2	GLU	4.115	98.831	PROTEIN	B
5XD5	2.11	1.75	F	3412	OE2	GLU	4.032	44.072	PROTEIN	B
5XD5	2.11	1.75	F	3412	OE1	GLU	2.988	-1.000	PROTEIN	B
5XD5	2.11	1.75	F	3412	OE2	GLU	4.320	28.623	PROTEIN	B
5LUK	16.44	1.45	CL	3554	O	LEU	3.968	49.967	PROTEIN	A
5LUK	16.44	1.45	CL	3554	N	ASP	4.665	47.927	PROTEIN	A
5LUK	16.44	1.45	CL	3554	OD1	ASP	4.315	44.738	PROTEIN	A
5LUK	16.44	1.45	CL	3554	N	THR	3.397	-1.000	PROTEIN	A
5LUK	16.44	1.45	CL	3554	OG1	THR	3.401	49.855	PROTEIN	A
5LUK	16.44	1.45	CL	3554	N	ILE	4.588	36.300	PROTEIN	A
5LUK	16.44	1.45	CL	3554	OG1	THR	4.799	139.892	PROTEIN	A
5LUK	16.44	1.45	CL	3554	N	HIS	3.421	103.777	PROTEIN	A
5XD5	0.00	1.75	F	2462	N	GLY	4.935	47.246	PROTEIN	B
5XD5	0.00	1.75	F	2462	O	GLY	4.793	16.062	PROTEIN	B
5XD5	0.00	1.75	F	2462	N	LYS	2.781	-1.000	PROTEIN	B
5XD5	0.00	1.75	F	2462	O	LYS	4.225	42.897	PROTEIN	B
5XD5	0.00	1.75	F	2462	NZ	LYS	3.689	99.885	PROTEIN	B
5XD5	0.00	1.75	F	2462	OE1	GLU	4.178	91.198	PROTEIN	B
5XD5	0.00	1.75	F	2462	OE2	GLU	3.075	79.462	PROTEIN	B
4F60	3.25	1.45	F	4750	ND2	ASN	3.377	106.524	PROTEIN	A
4F60	3.25	1.45	F	4750	OD1	ASP	4.909	68.120	PROTEIN	A
4F60	3.25	1.45	F	4750	OD2	ASP	4.860	59.191	PROTEIN	A
4F60	3.25	1.45	F	4750	NE1	TRP	3.267	-1.000	PROTEIN	A
4F60	3.25	1.45	F	4750	O	PHE	4.017	57.546	PROTEIN	A
4F60	3.25	1.45	F	4750	N	PRO	3.375	88.766	PROTEIN	A
4X00	58.78	1.38	F	15252	NE	ARG	4.367	110.219	PROTEIN	B
4X00	58.78	1.38	F	15252	NE	ARG	4.972	26.125	PROTEIN	B
4X00	58.78	1.38	F	15252	NH2	ARG	3.730	-1.000	PROTEIN	B
4X00	12.53	1.38	F	32638	NE	ARG	4.538	83.365	PROTEIN	A
4X00	12.53	1.38	F	32638	NE	ARG	4.984	120.946	PROTEIN	A
4X00	12.53	1.38	F	32638	NH2	ARG	3.889	113.137	PROTEIN	A
4X00	12.53	1.38	F	32638	NH2	ARG	4.598	119.720	PROTEIN	A
4X00	12.53	1.38	F	32638	NH1	ARG	4.119	138.110	PROTEIN	B
4X00	12.53	1.38	F	32638	O	ALA	4.062	48.560	PROTEIN	D
4X00	12.53	1.38	F	32638	N	THR	4.579	75.809	PROTEIN	D
4X00	12.53	1.38	F	32638	OG1	THR	4.477	105.782	PROTEIN	D
4X00	12.53	1.38	F	32638	OG	SER	3.267	-1.000	PROTEIN	D
5K91	0.54	1.18	F	7416	NE2	HIS	4.567	104.241	PROTEIN	A
5K91	0.54	1.18	F	7416	NE	ARG	4.286	-1.000	PROTEIN	A
5NAI	8.73	1.15	F	4032	ND1	HIS	4.852	87.878	PROTEIN	A
5NAI	8.73	1.15	F	4032	ND1	HIS	4.561	83.982	PROTEIN	A
5NAI	8.73	1.15	F	4032	NE2	HIS	3.071	91.302	PROTEIN	A
5NAI	8.73	1.15	F	4032	NE2	HIS	4.002	90.261	PROTEIN	A
5NAI	8.73	1.15	F	4032	ND1	HIS	3.218	99.048	PROTEIN	A
5NAI	8.73	1.15	F	4032	OD1	ASP	2.801	-1.000	PROTEIN	A
5NAI	8.73	1.15	F	4032	OD2	ASP	2.855	45.316	PROTEIN	A
5NAI	8.73	1.15	F	4032	NE	ARG	4.856	55.887	PROTEIN	A
5NAI	8.73	1.15	F	4032	ND1	HIS	4.884	167.883	PROTEIN	A
5NAI	8.73	1.15	F	4032	NE2	HIS	3.163	150.028	PROTEIN	A
5NAI	8.73	1.15	F	4032	SG	CYS	3.829	102.244	PROTEIN	A
5NAI	8.73	1.15	F	4032	NE2	HIS	4.268	89.499	PROTEIN	A
5NAI	0.00	1.15	F	3888	OG1	THR	4.565	82.921	PROTEIN	A
5NAI	0.00	1.15	F	3888	ND1	HIS	2.456	18.328	PROTEIN	A
5NAI	0.00	1.15	F	3888	ND1	HIS	3.936	8.048	PROTEIN	A
5NAI	0.00	1.15	F	3888	NE2	HIS	3.015	26.512	PROTEIN	A
5NAI	0.00	1.15	F	3888	NE2	HIS	1.827	-1.000	PROTEIN	A
5NAI	0.00	1.15	F	3888	OD1	ASP	4.993	76.347	PROTEIN	A
5NAI	0.00	1.15	F	3888	OD2	ASP	4.204	101.588	PROTEIN	A
5NAI	0.00	1.15	F	3888	NE	ARG	3.024	105.837	PROTEIN	A
5NAI	0.00	1.15	F	3888	NH1	ARG	4.454	127.336	PROTEIN	A
5NAI	0.00	1.15	F	3888	NH2	ARG	4.116	134.686	PROTEIN	A
5NAI	0.00	1.15	F	3888	NE2	HIS	4.509	62.170	PROTEIN	A
5NAI	0.00	1.15	F	3888	N	CYS	3.089	127.100	PROTEIN	A
5NAI	0.00	1.15	F	3888	SG	CYS	2.149	139.141	PROTEIN	A
5VEJ	9.12	1.3	F	13974	NE2	HIS	3.267	83.575	PROTEIN	A
5VEJ	9.12	1.3	F	13974	NE2	HIS	3.815	96.273	PROTEIN	A
5VEJ	9.12	1.3	F	13974	NE1	TRP	4.800	161.322	PROTEIN	A
5VEJ	9.12	1.3	F	13974	ND1	HIS	4.204	122.826	PROTEIN	A
5VEJ	9.12	1.3	F	13974	ND1	HIS	4.503	63.307	PROTEIN	A
5VEJ	9.12	1.3	F	13974	NE2	HIS	3.061	85.249	PROTEIN	A
5VEJ	9.12	1.3	F	13974	NE	ARG	4.474	37.279	PROTEIN	A
5VEJ	9.12	1.3	F	13974	NH2	ARG	3.696	61.709	PROTEIN	A
5VEJ	9.12	1.3	F	13974	OD1	ASP	2.945	46.152	PROTEIN	A
5VEJ	9.12	1.3	F	13974	OD2	ASP	2.633	-1.000	PROTEIN	A
6RI8	0.45	0.95	F	4260	ND1	HIS	4.546	97.078	PROTEIN	A
6RI8	0.45	0.95	F	4260	NE2	HIS	3.257	92.305	PROTEIN	A
6RI8	0.45	0.95	F	4260	O	TRP	4.095	51.835	PROTEIN	A
6RI8	0.45	0.95	F	4260	N	HIS	4.954	41.886	PROTEIN	A
6RI8	0.45	0.95	F	4260	O	HIS	4.940	7.234	PROTEIN	A
6RI8	0.45	0.95	F	4260	N	GLY	2.724	-1.000	PROTEIN	A
6RI8	0.45	0.95	F	4260	O	GLY	4.757	49.072	PROTEIN	A
6RI8	0.45	0.95	F	4260	N	LEU	4.045	43.005	PROTEIN	A
6RI8	0.45	0.95	F	4260	O	LEU	4.161	82.004	PROTEIN	A
6RI8	0.45	0.95	F	4260	OD1	ASP	4.711	115.914	PROTEIN	A
6RI8	0.45	0.95	F	4260	ND1	HIS	4.808	92.962	PROTEIN	A
6RI8	0.45	0.95	F	4260	NE2	HIS	3.402	99.509	PROTEIN	A
6RI8	0.45	0.95	F	4260	O	LEU	4.262	123.029	PROTEIN	A
6RI8	0.45	0.95	F	4260	N	HIS	4.574	150.669	PROTEIN	A
6RI8	0.45	0.95	F	4260	ND1	HIS	4.610	143.320	PROTEIN	A
6RI8	0.45	0.95	F	4260	N	GLY	4.045	139.326	PROTEIN	A
6RI8	0.29	0.95	F	19038	ND1	HIS	4.362	110.081	PROTEIN	A
6RI8	0.29	0.95	F	19038	NE2	HIS	2.738	88.544	PROTEIN	A
6RI8	0.29	0.95	F	19038	O	TRP	4.295	142.130	PROTEIN	A
6RI8	0.29	0.95	F	19038	N	HIS	4.779	114.566	PROTEIN	A
6RI8	0.29	0.95	F	19038	O	HIS	4.912	110.836	PROTEIN	A
6RI8	0.29	0.95	F	19038	ND1	HIS	4.406	53.576	PROTEIN	A
6RI8	0.29	0.95	F	19038	NE2	HIS	4.590	53.967	PROTEIN	A
6RI8	0.29	0.95	F	19038	N	GLY	2.818	118.017	PROTEIN	A
6RI8	0.29	0.95	F	19038	N	LEU	4.631	148.379	PROTEIN	A
6RI8	0.29	0.95	F	19038	O	LEU	4.950	166.557	PROTEIN	A
6RI8	0.29	0.95	F	19038	ND1	HIS	4.261	25.222	PROTEIN	A
6RI8	0.29	0.95	F	19038	NE2	HIS	2.659	-1.000	PROTEIN	A
6RI8	0.29	0.95	F	19038	O	LEU	4.280	63.231	PROTEIN	A
6RI8	0.29	0.95	F	19038	N	HIS	4.529	64.869	PROTEIN	A
6RI8	0.29	0.95	F	19038	ND1	HIS	4.431	86.056	PROTEIN	A
6RI8	0.29	0.95	F	19038	NE2	HIS	4.615	60.167	PROTEIN	A
6RI8	0.29	0.95	F	19038	N	GLY	4.642	110.822	PROTEIN	A
5LUK	11.77	1.45	CL	2858	N	TYR	3.069	138.294	PROTEIN	A
5LUK	11.77	1.45	CL	2858	O	TYR	4.537	132.697	PROTEIN	A
5LUK	11.77	1.45	CL	2858	O	HIS	4.955	63.530	PROTEIN	A
5LUK	11.77	1.45	CL	2858	OG	SER	2.890	-1.000	PROTEIN	A
5LUK	11.77	1.45	CL	2858	N	MET	3.242	62.833	PROTEIN	A
5LUK	11.77	1.45	CL	2858	SD	MET	4.332	129.349	PROTEIN	A
5LUK	11.77	1.45	CL	2858	NE2	HIS	4.795	34.686	PROTEIN	A
1TUK	70.01	1.12	I	1544	NE	ARG	4.840	20.636	PROTEIN	A
1TUK	70.01	1.12	I	1544	NH1	ARG	2.962	-1.000	PROTEIN	A
1TUK	70.01	1.12	I	1544	NH2	ARG	4.791	20.654	PROTEIN	A
1TUK	70.01	1.12	I	1544	OE1	GLN	4.441	114.152	PROTEIN	A
1TUK	70.01	1.12	I	1544	NE2	GLN	3.678	99.074	PROTEIN	A
1TUK	16.82	1.12	I	1304	O	VAL	3.760	103.947	PROTEIN	A
1TUK	16.82	1.12	I	1304	N	CYS	4.842	116.141	PROTEIN	A
1TUK	16.82	1.12	I	1304	O	CYS	4.437	130.598	PROTEIN	A
1TUK	16.82	1.12	I	1304	N	ALA	4.966	145.656	PROTEIN	A
1TUK	16.82	1.12	I	1304	N	SER	4.492	168.824	PROTEIN	A
1TUK	16.82	1.12	I	1304	OG	SER	4.848	149.343	PROTEIN	A
1TUK	16.82	1.12	I	1304	N	ALA	3.877	130.606	PROTEIN	A
1TUK	16.82	1.12	I	1304	O	LYS	4.343	51.882	PROTEIN	A
1TUK	16.82	1.12	I	1304	N	PRO	4.897	46.123	PROTEIN	A
1TUK	16.82	1.12	I	1304	N	SER	3.754	-1.000	PROTEIN	A
1TUK	16.82	1.12	I	1304	OG	SER	4.280	42.376	PROTEIN	A
1TUK	16.82	1.12	I	1304	SG	CYS	4.502	69.651	PROTEIN	A
2V8I	17.52	1.5	I	9340	O	LEU	4.525	96.429	PROTEIN	A
2V8I	17.52	1.5	I	9340	N	HIS	4.856	99.965	PROTEIN	A
2V8I	17.52	1.5	I	9340	NE2	HIS	4.649	153.470	PROTEIN	A
2V8I	17.52	1.5	I	9340	N	SER	4.934	48.846	PROTEIN	A
2V8I	17.52	1.5	I	9340	OG	SER	3.148	-1.000	PROTEIN	A
2V8I	32.59	1.5	I	3338	ND1	HIS	4.337	58.427	PROTEIN	A
2V8I	32.59	1.5	I	3338	NE2	HIS	4.775	74.884	PROTEIN	A
2V8I	32.59	1.5	I	3338	OG	SER	2.976	-1.000	PROTEIN	A
2V8I	32.59	1.5	I	3338	O	GLU	4.561	72.882	PROTEIN	A
2V8I	32.59	1.5	I	3338	OE1	GLU	4.133	126.208	PROTEIN	A
2V8I	32.59	1.5	I	3338	N	GLY	4.440	89.434	PROTEIN	A
2V8I	32.59	1.5	I	3338	N	SER	4.799	122.180	PROTEIN	A
2V8I	32.59	1.5	I	3338	OG	SER	4.591	144.854	PROTEIN	A
2V8I	12.88	1.5	I	4636	O	THR	4.579	47.386	PROTEIN	A
2V8I	12.88	1.5	I	4636	OG	SER	3.767	112.104	PROTEIN	A
2V8I	12.88	1.5	I	4636	N	ARG	4.003	112.071	PROTEIN	A
2V8I	12.88	1.5	I	4636	NE	ARG	4.303	148.278	PROTEIN	A
2V8I	12.88	1.5	I	4636	O	LYS	4.607	46.720	PROTEIN	A
2V8I	12.88	1.5	I	4636	O	GLY	4.877	7.592	PROTEIN	A
2V8I	12.88	1.5	I	4636	N	LEU	2.674	-1.000	PROTEIN	A
2V8I	12.88	1.5	I	4636	O	LEU	3.413	57.339	PROTEIN	A
2V8I	25.42	1.5	I	6504	NZ	LYS	4.391	44.424	PROTEIN	A
2V8I	25.42	1.5	I	6504	O	PRO	3.466	84.902	PROTEIN	A
2V8I	25.42	1.5	I	6504	N	GLN	4.194	57.953	PROTEIN	A
2V8I	25.42	1.5	I	6504	O	GLN	3.046	-1.000	PROTEIN	A
2V8I	25.42	1.5	I	6504	N	GLY	3.685	37.707	PROTEIN	A
2V8I	25.42	1.5	I	6504	N	GLN	3.674	74.175	PROTEIN	A
2V8I	25.42	1.5	I	6504	N	ASP	3.599	100.169	PROTEIN	A
2V8I	25.42	1.5	I	6504	OD1	ASP	4.146	138.296	PROTEIN	A
2V8I	25.42	1.5	I	6504	OD2	ASP	4.051	123.121	PROTEIN	A
2V8I	54.63	1.5	I	2626	O	ARG	4.696	105.119	PROTEIN	A
2V8I	54.63	1.5	I	2626	O	ARG	4.657	104.704	PROTEIN	A
2V8I	54.63	1.5	I	2626	NE	ARG	3.513	40.697	PROTEIN	A
2V8I	54.63	1.5	I	2626	NH1	ARG	4.743	18.230	PROTEIN	A
2V8I	54.63	1.5	I	2626	NH2	ARG	2.753	-1.000	PROTEIN	A
2V8I	54.63	1.5	I	2626	NE	ARG	4.684	121.272	PROTEIN	A
2V8I	54.63	1.5	I	2626	NH1	ARG	3.143	100.323	PROTEIN	A
2V8I	51.85	1.5	I	9850	NE	ARG	4.666	29.135	PROTEIN	A
2V8I	51.85	1.5	I	9850	NH1	ARG	4.501	-1.000	PROTEIN	A
2V8I	51.85	1.5	I	9850	OD1	ASN	4.564	62.874	PROTEIN	A
2V8I	51.85	1.5	I	9850	N	GLU	4.611	124.152	PROTEIN	A
2V8I	43.43	1.5	I	7260	OD1	ASP	4.288	103.686	PROTEIN	A
2V8I	43.43	1.5	I	7260	OD2	ASP	4.131	118.355	PROTEIN	A
2V8I	43.43	1.5	I	7260	N	GLY	4.112	39.111	PROTEIN	A
2V8I	43.43	1.5	I	7260	O	GLY	4.008	-1.000	PROTEIN	A
2V8I	43.43	1.5	I	7260	O	GLY	4.239	47.283	PROTEIN	A
2V8I	43.43	1.5	I	7260	N	LYS	4.093	72.285	PROTEIN	A
2V8I	58.68	1.5	I	7146	OG	SER	4.857	99.801	PROTEIN	A
2V8I	58.68	1.5	I	7146	N	ASN	4.769	48.425	PROTEIN	A
2V8I	58.68	1.5	I	7146	OD1	ASN	3.250	43.220	PROTEIN	A
2V8I	58.68	1.5	I	7146	ND2	ASN	2.063	-1.000	PROTEIN	A
3S8L	41.61	1.71	CL	2320	O	SER	4.515	68.763	PROTEIN	A
3S8L	41.61	1.71	CL	2320	N	THR	4.951	43.821	PROTEIN	A
3S8L	41.61	1.71	CL	2320	OG1	THR	4.869	66.005	PROTEIN	A
3S8L	41.61	1.71	CL	2320	N	SER	3.291	-1.000	PROTEIN	A
3S8L	41.61	1.71	CL	2320	OE1	GLN	4.101	86.809	PROTEIN	A
3S8L	41.61	1.71	CL	2320	NE2	GLN	3.520	104.999	PROTEIN	A
2V8I	34.19	1.5	I	9444	OE1	GLN	4.512	159.758	PROTEIN	A
2V8I	34.19	1.5	I	9444	O	LYS	4.960	61.252	PROTEIN	A
2V8I	34.19	1.5	I	9444	NZ	LYS	4.286	124.028	PROTEIN	A
2V8I	34.19	1.5	I	9444	O	GLN	4.876	73.249	PROTEIN	A
2V8I	34.19	1.5	I	9444	OE1	GLN	4.230	9.408	PROTEIN	A
2V8I	34.19	1.5	I	9444	NE2	GLN	1.994	-1.000	PROTEIN	A
2V8I	34.19	1.5	I	9444	N	ALA	4.053	70.167	PROTEIN	A
2V8I	26.58	1.5	I	5002	NE	ARG	4.494	128.387	PROTEIN	A
2V8I	26.58	1.5	I	5002	NH1	ARG	3.248	156.584	PROTEIN	A
2V8I	26.58	1.5	I	5002	NE1	TRP	4.113	40.636	PROTEIN	A
2V8I	26.58	1.5	I	5002	OD1	ASP	3.991	20.270	PROTEIN	A
2V8I	26.58	1.5	I	5002	OD2	ASP	2.047	-1.000	PROTEIN	A
4J3V	4.56	1.45	I	14330	N	GLY	4.022	92.457	PROTEIN	A
4J3V	4.56	1.45	I	14330	NE	ARG	3.769	-1.000	PROTEIN	A
4J3V	4.56	1.45	I	14330	NH1	ARG	4.401	31.760	PROTEIN	A
4J3V	4.56	1.45	I	14330	NH2	ARG	4.036	34.096	PROTEIN	A
4J3V	4.56	1.45	I	14330	O	GLY	4.470	40.698	PROTEIN	A
4J3V	36.02	1.45	I	15082	O	TYR	4.814	55.642	PROTEIN	A
4J3V	36.02	1.45	I	15082	O	THR	4.473	73.233	PROTEIN	A
4J3V	36.02	1.45	I	15082	NE	ARG	4.023	-1.000	PROTEIN	A
4J3V	36.02	1.45	I	15082	NH1	ARG	4.723	29.260	PROTEIN	A
4J3V	36.02	1.45	I	15082	NH1	ARG	4.797	120.349	PROTEIN	A
4J3V	36.02	1.45	I	15082	NH2	ARG	4.899	96.599	PROTEIN	A
5TW9	31.42	1.5	I	3034	OD2	ASP	4.867	73.825	PROTEIN	A
5TW9	31.42	1.5	I	3034	N	ALA	4.155	-1.000	PROTEIN	A
5TW9	31.42	1.5	I	3034	O	LYS	4.592	113.171	PROTEIN	D
5TW9	31.42	1.5	I	3034	OD1	ASN	4.991	72.081	PROTEIN	D
5TW9	31.42	1.5	I	3034	ND2	ASN	4.202	97.489	PROTEIN	D
5TW9	50.15	1.5	I	4892	N	PRO	4.986	93.043	PROTEIN	A
5TW9	50.15	1.5	I	4892	N	GLU	4.108	-1.000	PROTEIN	B
5TW9	50.15	1.5	I	4892	O	GLU	4.729	35.101	PROTEIN	B
5TW9	50.15	1.5	I	4892	OH	TYR	4.900	85.243	PROTEIN	B
5TW9	29.91	1.5	I	5956	O	LEU	4.614	122.100	PROTEIN	B
5TW9	29.91	1.5	I	5956	N	ALA	4.281	147.649	PROTEIN	B
5TW9	29.91	1.5	I	5956	NE	ARG	3.138	38.751	PROTEIN	B
5TW9	29.91	1.5	I	5956	NE	ARG	2.966	50.507	PROTEIN	B
5TW9	29.91	1.5	I	5956	NH1	ARG	2.198	-1.000	PROTEIN	B
5TW9	29.91	1.5	I	5956	NH2	ARG	3.615	33.688	PROTEIN	B
5TW9	29.91	1.5	I	5956	NH2	ARG	2.269	62.013	PROTEIN	B
5TW9	23.51	1.5	I	9316	N	PRO	4.736	135.203	PROTEIN	C
5TW9	23.51	1.5	I	9316	N	LEU	3.490	87.712	PROTEIN	C
5TW9	23.51	1.5	I	9316	N	GLU	4.174	95.804	PROTEIN	D
5TW9	23.51	1.5	I	9316	OH	TYR	3.212	-1.000	PROTEIN	D
5TW9	105.61	1.5	I	7202	OE1	GLU	4.372	52.314	PROTEIN	C
5TW9	105.61	1.5	I	7202	OE1	GLU	1.765	-1.000	PROTEIN	C
5TW9	105.61	1.5	I	7202	OE2	GLU	4.174	72.684	PROTEIN	C
5TW9	105.61	1.5	I	7202	OE2	GLU	2.502	58.452	PROTEIN	C
3ONN	37.78	1.87	I	2374	NE2	HIS	4.860	151.704	PROTEIN	A
3ONN	37.78	1.87	I	2374	N	ASN	3.730	-1.000	PROTEIN	A
3ONN	37.78	1.87	I	2374	O	ASN	4.438	41.250	PROTEIN	A
3SXQ	15.55	1.9	CL	6116	O	ARG	4.767	104.472	PROTEIN	A
3SXQ	15.55	1.9	CL	6116	N	GLY	4.654	117.925	PROTEIN	A
3SXQ	15.55	1.9	CL	6116	O	GLY	3.904	142.409	PROTEIN	A
3SXQ	15.55	1.9	CL	6116	N	ALA	3.646	108.965	PROTEIN	A
3SXQ	15.55	1.9	CL	6116	N	TRP	3.236	119.304	PROTEIN	A
3SXQ	15.55	1.9	CL	6116	NE1	TRP	4.980	63.471	PROTEIN	A
3SXQ	15.55	1.9	CL	6116	N	THR	3.960	158.376	PROTEIN	A
3SXQ	15.55	1.9	CL	6116	O	HIS	4.882	77.838	PROTEIN	A
3SXQ	15.55	1.9	CL	6116	ND1	HIS	2.891	-1.000	PROTEIN	A
3SXQ	15.55	1.9	CL	6116	NE2	HIS	4.966	7.945	PROTEIN	A
3ONN	26.42	1.87	I	3268	N	LEU	4.620	125.993	PROTEIN	A
3ONN	26.42	1.87	I	3268	N	GLN	4.446	77.247	PROTEIN	A
3ONN	26.42	1.87	I	3268	NE2	GLN	3.660	80.261	PROTEIN	A
3ONN	26.42	1.87	I	3268	NE	ARG	3.327	-1.000	PROTEIN	A
3ONN	26.42	1.87	I	3268	NH1	ARG	3.665	37.940	PROTEIN	A
3ONN	19.73	1.87	I	3536	O	TYR	4.448	48.619	PROTEIN	A
3ONN	19.73	1.87	I	3536	SG	CYS	4.604	52.163	PROTEIN	A
3ONN	19.73	1.87	I	3536	N	ASP	3.180	-1.000	PROTEIN	A
3ONN	19.73	1.87	I	3536	O	ASP	4.277	47.550	PROTEIN	A
3ONN	19.73	1.87	I	3536	N	VAL	4.055	112.294	PROTEIN	A
3ONN	19.73	1.87	I	3536	O	VAL	3.811	94.084	PROTEIN	A
3ONN	19.73	1.87	I	3536	NZ	LYS	3.184	86.256	PROTEIN	A
4WQA	42.72	1.64	I	4338	O	GLY	4.453	88.282	PROTEIN	A
4WQA	42.72	1.64	I	4338	N	PRO	3.928	117.877	PROTEIN	A
4WQA	42.72	1.64	I	4338	O	PRO	4.423	68.830	PROTEIN	A
4WQA	42.72	1.64	I	4338	N	ARG	3.843	39.172	PROTEIN	A
4WQA	42.72	1.64	I	4338	O	ARG	3.826	-1.000	PROTEIN	A
4WQA	42.72	1.64	I	4338	N	PRO	3.912	34.069	PROTEIN	A
5JVF	53.85	1.66	I	7894	O	ALA	4.927	98.876	PROTEIN	A
5JVF	53.85	1.66	I	7894	O	PHE	4.269	43.907	PROTEIN	A
5JVF	53.85	1.66	I	7894	N	PRO	3.988	43.452	PROTEIN	A
5JVF	53.85	1.66	I	7894	N	ARG	3.618	-1.000	PROTEIN	A
5JVF	53.85	1.66	I	7894	N	SER	4.205	40.040	PROTEIN	A
5JVF	1.12	1.66	I	8734	N	VAL	3.553	130.340	PROTEIN	A
5JVF	1.12	1.66	I	8734	O	VAL	4.793	117.678	PROTEIN	A
5JVF	1.12	1.66	I	8734	ND2	ASN	4.204	123.876	PROTEIN	A
5JVF	1.12	1.66	I	8734	O	PRO	4.661	124.395	PROTEIN	A
5JVF	1.12	1.66	I	8734	N	GLY	3.557	94.545	PROTEIN	A
5JVF	1.12	1.66	I	8734	O	GLY	4.342	64.513	PROTEIN	A
5JVF	1.12	1.66	I	8734	N	HIS	4.145	41.729	PROTEIN	A
5JVF	1.12	1.66	I	8734	N	LEU	3.500	-1.000	PROTEIN	A
5JVF	1.12	1.66	I	8734	N	GLU	4.979	32.679	PROTEIN	A
5JVF	44.50	1.66	I	2918	OD1	ASP	4.629	110.165	PROTEIN	A
5JVF	44.50	1.66	I	2918	OD2	ASP	4.842	120.546	PROTEIN	A
5JVF	44.50	1.66	I	2918	O	ARG	4.279	-1.000	PROTEIN	A
5JVF	44.50	1.66	I	2918	N	CYS	4.729	28.338	PROTEIN	A
5JVF	44.50	1.66	I	2918	SG	CYS	4.299	66.355	PROTEIN	A
5JVF	75.31	1.66	I	1846	OD2	ASP	4.940	-1.000	PROTEIN	A
5JVF	10.77	1.66	I	7010	NH1	ARG	4.044	46.501	PROTEIN	A
5JVF	10.77	1.66	I	7010	OE1	GLN	2.772	-1.000	PROTEIN	A
5JVF	10.77	1.66	I	7010	NE2	GLN	3.468	40.418	PROTEIN	A
5JVF	10.77	1.66	I	7010	O	TYR	4.643	59.837	PROTEIN	A
5JVF	10.77	1.66	I	7010	N	VAL	4.788	60.186	PROTEIN	A
5JVF	10.77	1.66	I	7010	O	VAL	4.899	101.436	PROTEIN	A
5JVF	10.77	1.66	I	7010	NE1	TRP	3.146	99.252	PROTEIN	A
5JVF	2.56	1.66	I	1658	O	THR	4.353	105.992	PROTEIN	A
5JVF	2.56	1.66	I	1658	OG1	THR	4.489	135.701	PROTEIN	A
5JVF	2.56	1.66	I	1658	N	ASN	3.619	81.870	PROTEIN	A
5JVF	2.56	1.66	I	1658	O	ASN	4.245	44.317	PROTEIN	A
5JVF	2.56	1.66	I	1658	N	VAL	4.685	71.922	PROTEIN	A
5JVF	2.56	1.66	I	1658	OD1	ASN	4.803	19.868	PROTEIN	A
5JVF	2.56	1.66	I	1658	ND2	ASN	3.000	-1.000	PROTEIN	A
6DOI	25.65	1.95	I	2370	OH	TYR	3.203	-1.000	PROTEIN	A
6DOI	25.65	1.95	I	2370	NH1	ARG	4.347	97.249	PROTEIN	A
4AL3	6.51	1.98	CL	5350	OE1	GLU	4.315	39.405	PROTEIN	A
4AL3	6.51	1.98	CL	5350	O	GLY	4.561	56.712	PROTEIN	A
4AL3	6.51	1.98	CL	5350	O	ILE	4.636	79.867	PROTEIN	A
4AL3	6.51	1.98	CL	5350	N	CYS	4.424	107.694	PROTEIN	A
4AL3	6.51	1.98	CL	5350	SG	CYS	4.455	116.097	PROTEIN	A
4AL3	6.51	1.98	CL	5350	ND1	HIS	3.593	-1.000	PROTEIN	A
4AL3	6.51	1.98	CL	5350	NE2	HIS	4.619	27.474	PROTEIN	A
6DOI	49.78	1.95	I	4792	O	GLN	4.857	-1.000	PROTEIN	A
6DOI	90.59	1.95	I	6562	NE2	HIS	3.978	-1.000	PROTEIN	A
1L1G	20.00	1.5	BR	1040	O	SER	4.516	156.015	PROTEIN	A
1L1G	20.00	1.5	BR	1040	N	TRP	4.822	128.497	PROTEIN	A
1L1G	20.00	1.5	BR	1040	O	TRP	4.158	85.479	PROTEIN	A
1L1G	20.00	1.5	BR	1040	N	PRO	3.583	101.675	PROTEIN	A
1L1G	20.00	1.5	BR	1040	N	SER	3.414	55.195	PROTEIN	A
1L1G	20.00	1.5	BR	1040	OG	SER	3.093	-1.000	PROTEIN	A
1L1G	20.00	1.5	BR	1040	N	GLN	4.698	47.255	PROTEIN	A
1L1G	20.00	1.5	BR	1040	ND1	HIS	4.108	89.733	PROTEIN	A
1L1G	52.50	1.5	BR	4324	N	GLY	4.303	73.030	PROTEIN	A
1L1G	52.50	1.5	BR	4324	NH1	ARG	3.293	-1.000	PROTEIN	A
1L1G	52.50	1.5	BR	4324	NH2	ARG	3.539	39.767	PROTEIN	A
1L1G	52.50	1.5	BR	4324	O	SER	4.139	62.393	PROTEIN	A
1L1G	52.50	1.5	BR	4324	N	ALA	4.571	48.084	PROTEIN	A
1L1G	52.50	1.5	BR	4324	O	ALA	4.860	90.155	PROTEIN	A
1L1G	70.38	1.5	BR	2448	O	ALA	4.988	65.168	PROTEIN	A
1L1G	70.38	1.5	BR	2448	N	SER	3.462	-1.000	PROTEIN	A
1L1G	70.38	1.5	BR	2448	O	SER	4.481	40.106	PROTEIN	A
1L1G	70.38	1.5	BR	2448	OG	SER	4.866	37.988	PROTEIN	A
1L1G	39.25	1.5	BR	1392	NE	ARG	4.908	97.442	PROTEIN	A
1L1G	39.25	1.5	BR	1392	N	GLN	3.267	-1.000	PROTEIN	A
1L1G	39.25	1.5	BR	1392	NE2	GLN	3.939	83.725	PROTEIN	A
3SVE	0.16	1.49	BR	4474	O	GLN	3.884	98.119	PROTEIN	A
3SVE	0.16	1.49	BR	4474	NE2	GLN	3.467	136.480	PROTEIN	A
3SVE	0.16	1.49	BR	4474	N	GLU	4.549	91.141	PROTEIN	A
3SVE	0.16	1.49	BR	4474	N	ARG	4.380	48.646	PROTEIN	A
3SVE	0.16	1.49	BR	4474	NH1	ARG	4.459	92.850	PROTEIN	A
3SVE	0.16	1.49	BR	4474	O	THR	4.537	42.193	PROTEIN	A
3SVE	0.16	1.49	BR	4474	OG1	THR	3.098	-1.000	PROTEIN	A
3SVE	0.16	1.49	BR	4474	N	ARG	4.660	54.609	PROTEIN	A
3SVE	0.16	1.49	BR	4474	N	ALA	4.217	99.435	PROTEIN	A
3SVE	30.08	1.49	BR	2814	N	TRP	3.307	-1.000	PROTEIN	A
3SVE	30.08	1.49	BR	2814	N	PRO	4.842	35.889	PROTEIN	A
4OWH	90.80	1.48	BR	1200	NH1	ARG	3.001	-1.000	PROTEIN	A
4OWH	90.80	1.48	BR	1200	NH2	ARG	4.887	19.745	PROTEIN	A
4OWH	62.58	1.48	BR	1210	O	HIS	4.138	-1.000	PROTEIN	A
4OWH	62.58	1.48	BR	1210	OD1	ASN	4.400	72.420	PROTEIN	A
4OWH	62.58	1.48	BR	1210	NZ	LYS	4.714	36.149	PROTEIN	A
4BK3	1.10	1.78	CL	10788	O	PRO	4.937	115.760	PROTEIN	A
4BK3	1.10	1.78	CL	10788	O	LEU	4.122	124.976	PROTEIN	A
4BK3	1.10	1.78	CL	10788	N	GLN	4.202	155.908	PROTEIN	A
4BK3	1.10	1.78	CL	10788	O	GLN	4.173	132.631	PROTEIN	A
4BK3	1.10	1.78	CL	10788	N	ALA	4.254	91.509	PROTEIN	A
4BK3	1.10	1.78	CL	10788	N	SER	3.490	50.426	PROTEIN	A
4BK3	1.10	1.78	CL	10788	N	GLY	2.985	-1.000	PROTEIN	A
2FCV	3.73	1.8	BR	4948	NE2	HIS	3.556	49.296	PROTEIN	A
2FCV	3.73	1.8	BR	4948	N	ALA	4.532	99.476	PROTEIN	A
2FCV	3.73	1.8	BR	4948	O	SER	4.305	74.047	PROTEIN	A
2FCV	3.73	1.8	BR	4948	ND1	HIS	4.833	23.819	PROTEIN	A
2FCV	3.73	1.8	BR	4948	NE2	HIS	3.526	-1.000	PROTEIN	A
2FCV	3.73	1.8	BR	4948	NH1	ARG	4.314	100.161	PROTEIN	A
2FCV	3.73	1.8	BR	4948	NH2	ARG	3.835	95.188	PROTEIN	A
2FCV	14.26	1.8	BR	4562	ND2	ASN	4.275	134.504	PROTEIN	A
2FCV	14.26	1.8	BR	4562	NE1	TRP	4.835	84.389	PROTEIN	A
2FCV	14.26	1.8	BR	4562	N	ASP	3.406	-1.000	PROTEIN	A
2FCV	14.26	1.8	BR	4562	SD	MET	4.506	110.878	PROTEIN	A
2VJX	12.91	1.85	BR	3796	O	ASP	4.853	116.340	PROTEIN	A
2VJX	12.91	1.85	BR	3796	N	ILE	3.553	48.506	PROTEIN	A
2VJX	12.91	1.85	BR	3796	O	ILE	3.511	-1.000	PROTEIN	A
2VJX	12.91	1.85	BR	3796	N	VAL	4.021	42.479	PROTEIN	A
2VJX	12.91	1.85	BR	3796	N	LYS	3.721	56.135	PROTEIN	A
2VJX	12.91	1.85	BR	3796	OH	TYR	4.928	84.565	PROTEIN	A
2VJX	61.06	1.85	BR	6702	O	ILE	4.377	71.524	PROTEIN	A
2VJX	61.06	1.85	BR	6702	N	ASN	4.884	45.757	PROTEIN	A
2VJX	61.06	1.85	BR	6702	OD1	ASN	4.772	76.628	PROTEIN	A
2VJX	61.06	1.85	BR	6702	N	HIS	3.260	-1.000	PROTEIN	A
2VJX	61.06	1.85	BR	6702	O	HIS	3.991	46.105	PROTEIN	A
2VJX	38.50	1.85	BR	4154	OD1	ASP	4.718	34.662	PROTEIN	A
2VJX	38.50	1.85	BR	4154	OD2	ASP	4.063	47.056	PROTEIN	A
2VJX	38.50	1.85	BR	4154	NZ	LYS	3.311	-1.000	PROTEIN	A
2VJX	38.50	1.85	BR	4154	ND1	HIS	4.260	115.946	PROTEIN	A
2VJX	38.50	1.85	BR	4154	NE2	HIS	3.399	86.129	PROTEIN	A
2VJX	38.50	1.85	BR	4154	OE1	GLN	4.912	141.391	PROTEIN	A
2VJX	38.50	1.85	BR	4154	NE2	GLN	3.848	126.947	PROTEIN	A
2VJX	36.65	1.85	BR	10142	O	PHE	3.998	-1.000	PROTEIN	A
2VJX	36.65	1.85	BR	10142	O	ARG	4.390	66.417	PROTEIN	A
2VJX	36.65	1.85	BR	10142	N	HIS	4.704	68.928	PROTEIN	A
2VJX	3.61	1.85	BR	6984	O	ASN	2.823	-1.000	PROTEIN	A
2VJX	3.61	1.85	BR	6984	N	GLY	4.541	24.076	PROTEIN	A
2VJX	3.61	1.85	BR	6984	N	TRP	4.714	52.513	PROTEIN	A
2VJX	3.61	1.85	BR	6984	NE1	TRP	4.298	116.024	PROTEIN	A
2VJX	3.61	1.85	BR	6984	SD	MET	4.768	99.740	PROTEIN	A
2VJX	3.61	1.85	BR	6984	O	PHE	4.987	139.778	PROTEIN	A
2VJX	3.61	1.85	BR	6984	NZ	LYS	4.749	113.221	PROTEIN	A
2VJX	3.61	1.85	BR	6984	ND2	ASN	3.078	106.730	PROTEIN	A
2XPN	7.44	1.95	BR	1998	OD2	ASP	4.427	36.104	PROTEIN	A
2XPN	7.44	1.95	BR	1998	O	ALA	4.609	99.092	PROTEIN	A
2XPN	7.44	1.95	BR	1998	NZ	LYS	3.373	-1.000	PROTEIN	A
2XPN	7.44	1.95	BR	1998	N	ASN	3.374	128.777	PROTEIN	A
3F0P	53.77	1.64	BR	4092	O	LYS	4.878	57.434	PROTEIN	B
3F0P	53.77	1.64	BR	4092	N	PRO	4.868	-1.000	PROTEIN	B
3LM7	3.47	1.9	BR	2282	N	LEU	3.327	-1.000	PROTEIN	A
3LM7	3.47	1.9	BR	2282	N	GLY	3.608	48.479	PROTEIN	A
3LM7	3.47	1.9	BR	2282	N	ALA	4.153	95.324	PROTEIN	A
3LM7	3.47	1.9	BR	2282	N	GLY	3.453	108.796	PROTEIN	A
3LM7	3.47	1.9	BR	2282	OD1	ASN	4.116	106.239	PROTEIN	A
3LM7	3.47	1.9	BR	2282	ND2	ASN	4.186	81.677	PROTEIN	A
3LM7	3.47	1.9	BR	2282	NZ	LYS	3.455	139.664	PROTEIN	A
3LM7	3.47	1.9	BR	2282	OH	TYR	4.911	132.374	PROTEIN	A
4BK3	0.25	1.78	CL	10764	O	LEU	3.417	142.957	PROTEIN	A
4BK3	0.25	1.78	CL	10764	N	GLN	4.820	118.412	PROTEIN	A
4BK3	0.25	1.78	CL	10764	O	GLN	4.491	81.641	PROTEIN	A
4BK3	0.25	1.78	CL	10764	N	TYR	4.534	108.944	PROTEIN	A
4BK3	0.25	1.78	CL	10764	N	LEU	3.811	91.249	PROTEIN	A
4BK3	0.25	1.78	CL	10764	O	LEU	4.366	45.747	PROTEIN	A
4BK3	0.25	1.78	CL	10764	N	ALA	3.464	50.734	PROTEIN	A
4BK3	0.25	1.78	CL	10764	N	SER	3.083	-1.000	PROTEIN	A
4BK3	0.25	1.78	CL	10764	O	SER	4.776	49.178	PROTEIN	A
4BK3	0.25	1.78	CL	10764	OG	SER	4.550	39.135	PROTEIN	A
4BK3	0.25	1.78	CL	10764	N	GLY	3.672	47.928	PROTEIN	A
4AZI	23.05	1.98	BR	6408	O	GLN	4.085	104.892	PROTEIN	A
4AZI	23.05	1.98	BR	6408	N	PRO	4.625	124.424	PROTEIN	A
4AZI	23.05	1.98	BR	6408	N	LEU	3.678	48.613	PROTEIN	A
4AZI	23.05	1.98	BR	6408	N	LYS	3.512	-1.000	PROTEIN	A
4AZI	28.51	1.98	BR	4818	O	LEU	4.710	46.482	PROTEIN	A
4AZI	28.51	1.98	BR	4818	O	LYS	4.599	89.424	PROTEIN	A
4AZI	28.51	1.98	BR	4818	N	GLN	4.692	76.204	PROTEIN	A
4AZI	28.51	1.98	BR	4818	O	GLN	3.921	67.432	PROTEIN	A
4AZI	28.51	1.98	BR	4818	N	LEU	3.950	43.362	PROTEIN	A
4AZI	28.51	1.98	BR	4818	N	TYR	3.529	-1.000	PROTEIN	A
4AZI	28.51	1.98	BR	4818	N	GLY	3.549	46.844	PROTEIN	A
4LSF	45.32	1.9	BR	3046	N	SER	3.246	-1.000	PROTEIN	A
4LSF	45.32	1.9	BR	3046	O	SER	4.311	37.966	PROTEIN	A
4LSF	45.32	1.9	BR	3046	OG	SER	3.957	48.292	PROTEIN	A
4LSF	45.32	1.9	BR	3046	NH2	ARG	3.556	72.102	PROTEIN	A
4LSF	45.32	1.9	BR	3046	NH1	ARG	4.783	81.934	PROTEIN	A
4LSF	25.75	1.9	BR	2164	O	GLN	2.735	-1.000	PROTEIN	A
4LSF	25.75	1.9	BR	2164	N	GLY	3.545	39.802	PROTEIN	A
4LSF	25.75	1.9	BR	2164	O	GLY	3.294	100.535	PROTEIN	A
4LSF	25.75	1.9	BR	2164	N	ASN	3.145	82.876	PROTEIN	A
4LSF	25.75	1.9	BR	2164	N	ASN	2.965	114.965	PROTEIN	A
4LSF	25.75	1.9	BR	2164	O	ASN	2.998	157.726	PROTEIN	A
4LSF	25.75	1.9	BR	2164	ND2	ASN	4.230	68.682	PROTEIN	A
4LSF	25.75	1.9	BR	2164	N	SER	4.970	142.166	PROTEIN	A
4LSF	25.75	1.9	BR	2164	O	SER	4.927	128.430	PROTEIN	A
4LSF	51.22	1.9	BR	2182	OD2	ASP	4.522	59.465	PROTEIN	A
4LSF	51.22	1.9	BR	2182	O	GLY	2.569	-1.000	PROTEIN	A
4LSF	51.22	1.9	BR	2182	N	ASN	3.690	36.691	PROTEIN	A
4LSF	51.22	1.9	BR	2182	O	ASN	4.279	87.611	PROTEIN	A
4LSF	51.22	1.9	BR	2182	N	ASN	3.335	81.214	PROTEIN	A
4LSF	51.22	1.9	BR	2182	O	ASN	2.922	115.903	PROTEIN	A
4LSF	51.22	1.9	BR	2182	N	SER	4.619	129.041	PROTEIN	A
4LSF	46.53	1.9	BR	7640	N	THR	3.876	46.013	PROTEIN	B
4LSF	46.53	1.9	BR	7640	O	THR	2.742	-1.000	PROTEIN	B
4LSF	46.53	1.9	BR	7640	N	ARG	4.975	4.294	PROTEIN	B
4LSF	46.53	1.9	BR	7640	NE	ARG	3.915	61.945	PROTEIN	B
4LSF	46.53	1.9	BR	7640	NH1	ARG	4.272	94.497	PROTEIN	B
4LSF	46.53	1.9	BR	7640	NH2	ARG	4.626	78.178	PROTEIN	B
4LSF	0.26	1.9	BR	11170	O	ASN	4.791	104.906	PROTEIN	B
4LSF	0.26	1.9	BR	11170	O	LYS	4.799	142.642	PROTEIN	B
4LSF	0.26	1.9	BR	11170	O	ASN	3.550	144.194	PROTEIN	B
4LSF	0.26	1.9	BR	11170	N	MET	3.468	121.469	PROTEIN	B
4LSF	0.26	1.9	BR	11170	O	MET	3.959	77.796	PROTEIN	B
4LSF	0.26	1.9	BR	11170	N	SER	3.161	59.834	PROTEIN	B
4LSF	0.26	1.9	BR	11170	O	SER	4.914	43.774	PROTEIN	B
4LSF	0.26	1.9	BR	11170	OG	SER	2.876	-1.000	PROTEIN	B
4LSF	0.26	1.9	BR	11170	O	VAL	3.366	84.992	PROTEIN	B
4LSF	0.26	1.9	BR	11170	N	TYR	4.850	99.346	PROTEIN	B
4LSF	0.26	1.9	BR	11170	N	GLN	4.523	139.768	PROTEIN	B
4LSF	0.26	1.9	BR	11170	OE1	GLN	3.963	105.043	PROTEIN	B
4LSF	0.26	1.9	BR	11170	NE2	GLN	3.130	112.002	PROTEIN	B
4PM3	54.21	1.8	BR	2468	ND1	HIS	4.637	57.280	PROTEIN	A
4PM3	54.21	1.8	BR	2468	NZ	LYS	4.811	69.290	PROTEIN	A
4PM3	54.21	1.8	BR	2468	NH1	ARG	3.382	39.712	PROTEIN	A
4PM3	54.21	1.8	BR	2468	NH2	ARG	3.348	-1.000	PROTEIN	A
4PM3	45.64	1.8	BR	2382	O	GLU	4.396	88.373	PROTEIN	A
4PM3	45.64	1.8	BR	2382	N	HIS	4.492	73.585	PROTEIN	A
4PM3	45.64	1.8	BR	2382	ND1	HIS	2.842	-1.000	PROTEIN	A
4PM3	45.64	1.8	BR	2382	NE2	HIS	4.952	5.683	PROTEIN	A
4PM3	45.64	1.8	BR	2382	NH1	ARG	4.119	50.682	PROTEIN	A
4PM3	45.64	1.8	BR	2382	NH2	ARG	4.445	61.892	PROTEIN	A
4PM3	72.82	1.8	BR	4360	ND1	HIS	4.722	55.482	PROTEIN	B
4PM3	72.82	1.8	BR	4360	NH1	ARG	4.152	32.451	PROTEIN	B
4PM3	72.82	1.8	BR	4360	NH2	ARG	4.017	-1.000	PROTEIN	B
